{
  "accuracy": 0.8991,
  "auc_roc": 0.8986,
  "n_train": 40000,
  "n_test": 10000,
  "features": [
    "age",
    "income",
    "coapplicant_income",
    "total_income",
    "loan_amount",
    "loan_term",
    "monthly_installment",
    "credit_score",
    "credit_bucket",
    "employment_yrs",
    "existing_loans",
    "num_dependents",
    "debt_to_income",
    "loan_income_ratio",
    "income_per_dependent",
    "self_employed",
    "education_grad",
    "area_urban",
    "area_semi_urban"
  ],
  "classification_report": {
    "Rejected": {
      "precision": 0.9205980066445183,
      "recall": 0.9660662405578152,
      "f1-score": 0.942784235894528,
      "support": 8605.0
    },
    "Approved": {
      "precision": 0.6989690721649484,
      "recall": 0.4860215053763441,
      "f1-score": 0.5733615221987315,
      "support": 1395.0
    },
    "accuracy": 0.8991,
    "macro avg": {
      "precision": 0.8097835394047334,
      "recall": 0.7260438729670796,
      "f1-score": 0.7580728790466298,
      "support": 10000.0
    },
    "weighted avg": {
      "precision": 0.8896807702846183,
      "recall": 0.8991,
      "f1-score": 0.8912497673339643,
      "support": 10000.0
    }
  }
}